{
    "AcqNr": 9,
    "Angulation": [0.0, 0.0, -20.0],
    "CardiacPhaseNumber": 1,
    "Diffusion": 0,
    "DiffusionBFactor": 0.0,
    "DiffusionBValueNumber": 1,
    "DiffusionEchoTime": 0.0,
    "DynScan": 0,
    "DynamicScanNumber": 1,
    "EchoNumber": 1,
    "EchoTime": 0.0038799999999999998,
    "EpiFactor": 1,
    "ExamDate": "2018-11-27T10:05:10",
    "ExamName": "DH",
    "FlowCompensation": 0,
    "Fov": [256.0, 256.0, 181.0],
    "ImageAngulation": [-20.0, 0.0],
    "ImageDisplayOrientation": 0,
    "ImageTypeMr": 0,
    "ImagePixelSize": 16,
    "MaxCardiacPhases": 1,
    "MaxDiffusionValues": 1,
    "MaxDynamics": 1,
    "MaxEchoes": 1,
    "MaxGradientOrient": 1,
    "MaxMixes": 1,
    "MaxSlices": 181,
    "Mtc": 0,
    "NrLabelTypes": 0,
    "OffCenter": [-10.0, -40.0, 0.0],
    "PatientName": "SN",
    "PatientPosition": "HFS",
    "PhaseEncVelocity": [0.0, 0.0, 0.0],
    "PixelSpacing": 1.0,
    "PrepDirection": "RL",
    "Presaturation": 0,
    "ProtocolName": "T1w3DAnat_111_2NSA_split SENSE",
    "ReconNr": 1,
    "ReconResolution": 256,
    "RepetitionTime": 0.00828,
    "RescaleIntercept": 0.0,
    "RescaleSlope": 6.5033,
    "ScaleSlope": 0.000473712,
    "ScanDuration": 357.77,
    "ScanMode": "3D",
    "ScanResolution": [256, 256],
    "SeriesType": "Image   MRSERIES",
    "SliceGap": 0.0,
    "SliceOrientation": 2,
    "SliceThickness": 1.0,
    "SliceTiming": [0.0, 4e-05, 8e-05, 0.00012, 0.00016, 0.0002, 0.00024, 0.00028, 0.00032, 0.00036, 0.0004, 0.00044, 0.00048, 0.00052, 0.00056, 0.0006, 0.00064, 0.00068, 0.00072, 0.00076, 0.0008, 0.00084, 0.00088, 0.00092, 0.00096, 0.001, 0.00104, 0.00108, 0.00112, 0.00116, 0.0012, 0.00124, 0.00128, 0.00132, 0.00136, 0.0014, 0.00144, 0.00148, 0.00152, 0.00156, 0.0016, 0.00164, 0.00168, 0.00172, 0.00176, 0.0018, 0.00184, 0.00188, 0.00192, 0.00196, 0.002, 0.00204, 0.00208, 0.00212, 0.00216, 0.0022, 0.00224, 0.00228, 0.00232, 0.00236, 0.0024, 0.00244, 0.00248, 0.00252, 0.00256, 0.0026, 0.00264, 0.00268, 0.00272, 0.00276, 0.0028, 0.00284, 0.00288, 0.00292, 0.00296, 0.003, 0.00304, 0.00308, 0.00312, 0.00316, 0.0032, 0.00324, 0.00328, 0.00332, 0.00336, 0.0034, 0.00344, 0.00348, 0.00352, 0.00356, 0.0036, 0.00364, 0.00368, 0.00372, 0.00376, 0.0038, 0.00384, 0.00388, 0.00392, 0.00396, 0.004, 0.00404, 0.00408, 0.00412, 0.00416, 0.0042, 0.00424, 0.00428, 0.00432, 0.00436, 0.0044, 0.00444, 0.00448, 0.00452, 0.00456, 0.0046, 0.00464, 0.00468, 0.00472, 0.00476, 0.0048, 0.00484, 0.00488, 0.00492, 0.00496, 0.005, 0.00504, 0.00508, 0.00512, 0.00516, 0.0052, 0.00524, 0.00528, 0.00532, 0.00536, 0.0054, 0.00544, 0.00548, 0.00552, 0.00556, 0.0056, 0.00564, 0.00568, 0.00572, 0.00576, 0.0058, 0.00584, 0.00588, 0.00592, 0.00596, 0.006, 0.00604, 0.00608, 0.00612, 0.00616, 0.0062, 0.00624, 0.00628, 0.00632, 0.00636, 0.0064, 0.00644, 0.00648, 0.00652, 0.00656, 0.0066, 0.00664, 0.00668, 0.00672, 0.00676, 0.0068, 0.00684, 0.00688, 0.00692, 0.00696, 0.007, 0.00704, 0.00708, 0.00712, 0.00716, 0.0072],
    "Spir": 0,
    "TaskName": "None",
    "Tech": "T1TFE",
    "TriggerTime": 0.0,
    "WaterFatShift": 2.27,
    "MriKey": "SNS_MRI_MCarpet_S00069_01",
    "DataID": "SNS_MRI_MCarpet_S00069_01"
}